numparticipant,lottery_time_wall_avg
2,29.115877
4,30.179781
8,32.55309
16,38.134881
32,49.390226
64,70.642263
128,109.712819