numparticipant,zero_lottery_time_wall_avg
2,22.483474
4,52.387571
8,81.79529
16,111.973813
32,146.612034
64,183.692241
128,224.889831