numparticipant,zero_lottery_time_wall_avg
8,57.460879
16,77.645671
32,98.699574
64,122.329623
128,150.919276
256,187.130914