numparticipant,lottery_time_wall_avg
8,24.976122
16,30.877402
32,41.194376
64,59.643788
128,92.943301
256,162.78311