WriteTime,ReadTime
6.638451864,6.674401191
