WriteTime,ReadTime
0.040438335,0.012531993
