Txn,Calypso,Semi,Fully
Write,6.638451864,6.68748438,0.040438335
Read,6.674401191,6.564245197,0.012531993
